sample	rep	fastq_r1	fastq_r2
yw-3LW-wing-IgG-pel	Rep2	/proj/mckaylab/HTSF/201016_UNC32-K00270_0261_AHJ7HFBBXY/SLN09_U1-yw-3LW-wing-IgG-rep2-pel_CCGCGGTT-CTAGCGCT_S84_L008_R1_001.fastq.gz	/proj/mckaylab/HTSF/201016_UNC32-K00270_0261_AHJ7HFBBXY/SLN09_U1-yw-3LW-wing-IgG-rep2-pel_CCGCGGTT-CTAGCGCT_S84_L008_R2_001.fastq.gz
yw-3LW-wing-IgG-sup	Rep1	/proj/mckaylab/HTSF/201016_UNC32-K00270_0261_AHJ7HFBBXY/SLN09_U65-yw-3LW-wing-IgG-rep1-sup_ACACTAAG-ATATGGAT_S98_L008_R1_001.fastq.gz	/proj/mckaylab/HTSF/201016_UNC32-K00270_0261_AHJ7HFBBXY/SLN09_U65-yw-3LW-wing-IgG-rep1-sup_ACACTAAG-ATATGGAT_S98_L008_R2_001.fastq.gz
yw-3LW-wing-IgG-sup	Rep2	/proj/mckaylab/HTSF/201016_UNC32-K00270_0261_AHJ7HFBBXY/SLN09_U67-yw-3LW-wing-IgG-rep2-sup_TTCCTGTT-AAGATACT_S100_L008_R1_001.fastq.gz	/proj/mckaylab/HTSF/201016_UNC32-K00270_0261_AHJ7HFBBXY/SLN09_U67-yw-3LW-wing-IgG-rep2-sup_TTCCTGTT-AAGATACT_S100_L008_R2_001.fastq.gz
yw-3LW-wing-IgG-pel	Rep1	/proj/mckaylab/HTSF/201016_UNC32-K00270_0261_AHJ7HFBBXY/SLN09_U95-yw-3LW-wing-IgG-rep1-pel_TCGATATC-ACTCGTGT_S108_L008_R1_001.fastq.gz	/proj/mckaylab/HTSF/201016_UNC32-K00270_0261_AHJ7HFBBXY/SLN09_U95-yw-3LW-wing-IgG-rep1-pel_TCGATATC-ACTCGTGT_S108_L008_R2_001.fastq.gz
OR-3LW-wing-IgG-sup	Rep1	/proj/mckaylab/HTSF/210318_UNC32-K00270_0277_AHKNTVBBXY/SLN10_U4-OR-3LW-wing-IgG-rep1-sup_AAGTCCAA-TATGAGTA_S13_L004_R1_001.fastq.gz	/proj/mckaylab/HTSF/210318_UNC32-K00270_0277_AHKNTVBBXY/SLN10_U4-OR-3LW-wing-IgG-rep1-sup_AAGTCCAA-TATGAGTA_S13_L004_R2_001.fastq.gz
OR-3LW-wing-IgG-pel	Rep1	/proj/mckaylab/HTSF/210318_UNC32-K00270_0277_AHKNTVBBXY/SLN10_U6-OR-3LW-wing-IgG-rep1-pel_GCTTGTCA-GAACATAC_S17_L004_R1_001.fastq.gz	/proj/mckaylab/HTSF/210318_UNC32-K00270_0277_AHKNTVBBXY/SLN10_U6-OR-3LW-wing-IgG-rep1-pel_GCTTGTCA-GAACATAC_S17_L004_R2_001.fastq.gz
yw-3LW-wing-aFlag-sup	Rep1	/proj/mckaylab/HTSF/220214_UNC51-VH00562_31_AAAWH2FM5/MJN02_U43-yw-3LW-wing-aFlag-CnR-rep1-sup_AAGATACT-ACTTACAT_S7_L001_R1_001.fastq.gz	/proj/mckaylab/HTSF/220214_UNC51-VH00562_31_AAAWH2FM5/MJN02_U43-yw-3LW-wing-aFlag-CnR-rep1-sup_AAGATACT-ACTTACAT_S7_L001_R2_001.fastq.gz
yw-3LW-wing-aFlag-pel	Rep1	/proj/mckaylab/HTSF/220214_UNC51-VH00562_31_AAAWH2FM5/MJN02_U44-yw-3LW-wing-aFlag-CnR-rep1-pel_GGAGCGTC-GTCCGTGC_S8_L001_R1_001.fastq.gz	/proj/mckaylab/HTSF/220214_UNC51-VH00562_31_AAAWH2FM5/MJN02_U44-yw-3LW-wing-aFlag-CnR-rep1-pel_GGAGCGTC-GTCCGTGC_S8_L001_R2_001.fastq.gz
yw-3LW-wing-aFlag-sup	Rep2	/proj/mckaylab/HTSF/220214_UNC51-VH00562_31_AAAWH2FM5/MJN02_U47-yw-3LW-wing-aFlag-CnR-rep2-sup_GTTCCAAT-AATTCTGC_S11_L001_R1_001.fastq.gz	/proj/mckaylab/HTSF/220214_UNC51-VH00562_31_AAAWH2FM5/MJN02_U47-yw-3LW-wing-aFlag-CnR-rep2-sup_GTTCCAAT-AATTCTGC_S11_L001_R2_001.fastq.gz
yw-3LW-wing-aFlag-pel	Rep2	/proj/mckaylab/HTSF/220214_UNC51-VH00562_31_AAAWH2FM5/MJN02_U48-yw-3LW-wing-aFlag-CnR-rep2-pel_ACCTTGGC-GGCCTCAT_S12_L001_R1_001.fastq.gz	/proj/mckaylab/HTSF/220214_UNC51-VH00562_31_AAAWH2FM5/MJN02_U48-yw-3LW-wing-aFlag-CnR-rep2-pel_ACCTTGGC-GGCCTCAT_S12_L001_R2_001.fastq.gz
yw-3LW-wing-aGFP-sup	Rep2	/proj/mckaylab/HTSF/220531_UNC51-VH00562_60_AAC3HJCM5/MJN03_U43-yw-3LW-wing-aGFP-CnR-Rep2-Sup_AAGATACT-ACTTACAT_S23_L001_R1_001.fastq.gz	/proj/mckaylab/HTSF/220531_UNC51-VH00562_60_AAC3HJCM5/MJN03_U43-yw-3LW-wing-aGFP-CnR-Rep2-Sup_AAGATACT-ACTTACAT_S23_L001_R2_001.fastq.gz
yw-3LW-wing-aGFP-pel	Rep2	/proj/mckaylab/HTSF/220531_UNC51-VH00562_60_AAC3HJCM5/MJN03_U44-yw-3LW-wing-aGFP-CnR-Rep2-Pel_GGAGCGTC-GTCCGTGC_S24_L001_R1_001.fastq.gz	/proj/mckaylab/HTSF/220531_UNC51-VH00562_60_AAC3HJCM5/MJN03_U44-yw-3LW-wing-aGFP-CnR-Rep2-Pel_GGAGCGTC-GTCCGTGC_S24_L001_R2_001.fastq.gz
yw-3LW-wing-aGFP-sup	Rep1	/proj/mckaylab/HTSF/220531_UNC51-VH00562_60_AAC3HJCM5/MJN03_U37-yw-3LW-wing-aGFP-CnR-Rep1-Sup_TCGTAGTG-AGACTTGG_S19_L001_R1_001.fastq.gz	/proj/mckaylab/HTSF/220531_UNC51-VH00562_60_AAC3HJCM5/MJN03_U37-yw-3LW-wing-aGFP-CnR-Rep1-Sup_TCGTAGTG-AGACTTGG_S19_L001_R2_001.fastq.gz
